Alcatraz,Prison
Smoke,
Hazelnut,
Diamond,Gem
Rose,Flower
Puppet,
Game,
Vegas,Gambling
Chest,
Airplane,Flying
Cord,Wire
Australia,Oceania
Castle,
Guard,Warden
Sheep,
Fleece,
Mouse,Rodent
Chain,
Farm,
Belgium,Flemish
Pepper,
Triangle,
Doll,
Italy,Mediteraninan
Stage,
Heart,
Moscow,Russia
Billiards,
Unicorn,Horse
Orange,
Tokyo,Japan
Heel,
Chicken,
Helicopter,
Officer,
Melon,Cantaloupe
Anchor,Host
Israel,Mideast
Cactus,
Tennis,Racket
France,
Moon,Satelite
Canteen,Cafeteria
Emperor penguin,Patranca
Tool,
Brain,
Mask,
Concert,
Troy,
Shark,
Music,
Neck,collar
America,
Coffee,
Fever,Sick
Barbie,Doll
Chocolate,
Snow,Ice
Tie,
Wind,
Thought,
Frankenstein,
Beam,Radiation
Accent,
Shower,
Ladybird,Beetle
Mustard,plant
Sherlock,Holmes
Bottle,
Virus,
Poison,
Star,
Wolf,
Lena,Name
Birthday,Annually
Baker,Bread
Perfume,
Flame,
Zombie,Undead
Joker,
Buffy,Gellar
Volcano,
Passion,
Cock,
Electricity,Energy
Genius,
Dracula,Vampire
Lion,Cat
Sock,Stockings
Friday,Weekend
Pirate,Ship
Holidays,
Fairy,
Magnet,
Fork,Cutlery
Syrup,Drink
Forest,
Scale,
Zeus,God
Cockroach,Scrape
Dinosaur,
Yellow,Lemon
Mushroom,Champignon
Pigeon,
Pikachu,Surprised
Asterix,Obelix
Robots,
Comedy,
Language,
Hairdresser,
Cocktail,
Mario,Luigi
Cork,
Violin,
Peach,
Fox,Canine
Police,
Simpson,Homer
Donut,
Newspaper,Journal
Mountains,
Peanut,
Light bulb,Pear
Jedi,
Chili,Hot
Sombrero,
Cloverleaf,Luck
Button,Shirt
Cheese,Milk
Chewbacca,Starwars
Revolver,
Doctor,
Strawberry,Fruits
Nuclear power,Tschernobyl
Lottery,
Cemetery,
Cupid,
Umbrella,Rain
Jump,
Root,
Treasure,
Pilot,
Mickey,Mouse
Sewerage,Tunnels
Galaxy,Stars
Moustache,Facehair
Bubble,
Chain,
Strong,
Cookie,
Croissant,Pastry
Spirit,
Straw,
Nail,
Potter,
Darwin,Evolution
Tomato,Vegetable
Parachute,Skydive
Cannon,
Binoculars,Optics
Fata morgana,Illusion
Ramses,Pharao
Fire,
Intersection,
Princess,Throne
Spaceship,
Bowling,
Churchill,Minister
Aries,Astrology
Spy,
Olympics,
Climbing,
Lawyer,
Tolkien,
River,
Carpet,
Pony,
Crown,
New,Modern
Tarantino,
Heino,Folk
Ninja,
Duvet,
Hunter,
Vegetables,
Cave,
Hans,
Casino,Gambling
Candy,
Fountain,Spring
Light,
Sofa,
Mozart,Composer
Ring,Round
Pizza,Food
Picture,
Fire department,Firefighters
Glass,Enamel
Meatball,
Greece,Hellas
Tradition,
Snake,
Trophy,
Picasso,Pablo
Clock,
Pyre,Fire
Wizard,
Hockey,Puck
Banana,Tree
Helene,Fischer
Caesar,Julius
Noodle,
Hat,Sombrero
Dentist,Teeth
Wheat,
Mussel,
Shakespeare,William
Giant,
Foam,
Cellar,
Knives,
Pillows,
Armstrong,Neil
Sword,
Flight,
Ticket,
Penguin,
Cell,
Gandhi,Mahtma
Oasis,
Crocodile,Thug
Jewellery,Ring
Subway,
Glasses,Eyes
Falco,HÃ¶lzel
Jackson,Michael
Cigarette,Smoke
Bracelet,
Weather forecast,TV
Tower,
Tattoo,
Spielberg,
Apple,Jobs
Mermaid,Arielle
Boxes,
Dwarf,
Circus,
Elvis,Presley
Lawn mower,Grass
Stone,Hard
Train,Locomotive
Sardine,
Piece,
Cleopatra,Egypt
Window,
Pomegranate,Fruit
Filling,Padding
Brush,Hair
Pig,
Avicii,Bergling
Slipper,Shoe
Sheet,
Puma,
Revolution,
Sahara,Desert
Knight,
Peace,Treaty
Flower,
Switzerland,Alpes
Calendar,Date
Schnitzel,Meat
Canada,Arctic
Zoo,Cages
Whistle,Referee
Book,